WindSpeed,Temperature,Humidity,WindDirectionDegree,score.1,wickets,TeamName_V,Opposition_V,ground_V,result_V,toss_result_V,strategy_V,home_ground_V
17.375,17.25,45.125,125.625,256,7,8,7,74,0,0,1,2
12.875,23.25,75.75,267.875,350,7,3,1,10,0,0,1,2
12.75,17.25,78.375,307.625,134,5,6,14,77,0,0,0,2
14.25,11.625,81.25,287.875,183,7,10,8,83,1,0,0,2
17.125,28.625,83.625,280.125,155,6,7,5,76,0,0,1,2
14.5,23.25,47.5,93.125,180,5,10,8,56,1,0,0,2
20.375,14.875,76.875,254.75,324,7,3,5,49,1,0,1,2
26,26.25,37.25,99.625,245,9,8,7,74,1,0,1,2
29.5,14.375,81.25,264.125,236,6,5,15,49,0,0,1,2
4.375,30.875,81,189.25,236,6,9,8,85,0,0,1,2
20.375,14.875,76.875,254.75,211,6,3,15,49,0,0,1,2
12.5,13.375,84.125,256.5,250,6,8,10,83,1,0,1,2
14.125,24.25,74.125,234.375,163,6,5,4,18,0,0,1,2
17,16.5,69.875,143.125,69,2,1,2,36,2,0,1,2
32.625,25.875,74.375,93.125,236,1,4,2,55,2,0,1,2
21.125,18.125,86.375,35,195,6,5,14,63,0,0,0,2
11.875,19.25,86.375,135.75,265,5,10,8,83,1,0,1,2
23.75,17,69.125,108,309,3,4,7,74,1,0,1,2
14.5,27.75,81.375,106.125,300,9,5,3,21,1,0,1,2
10.375,17.875,66.625,139.5,308,8,1,2,33,0,1,0,2
22,29.25,39.5,98.25,330,7,5,6,74,1,0,1,2
8.125,23.625,53.875,316.125,170,6,7,16,44,0,0,1,2
15.375,17.5,56.375,166.625,146,6,1,4,15,0,1,0,2
9.625,15.625,64.875,152.75,196,6,3,2,41,0,0,1,2
10.875,14.375,83.375,269.125,237,4,10,8,83,1,0,0,2
10.625,18.625,36.25,279.875,223,9,8,7,74,0,0,1,2
12,31.875,21.125,65.25,268,7,10,7,37,0,0,1,2
27.875,10.75,76.625,71.875,126,6,10,3,60,0,1,0,2
15.75,14,74,237.375,277,9,2,3,26,0,0,1,2
6.25,28.875,62.75,64.125,215,6,7,16,44,0,0,0,2
25.625,-11.125,86.5,250.5,363,4,6,14,42,1,0,1,2
8.75,25.125,87.25,95.625,236,6,1,3,21,0,0,0,2
17,16.375,69.875,143.125,302,6,3,2,36,1,0,1,2
12.75,26.125,56,174.875,205,6,12,9,58,0,0,1,2
20.625,11,86,219.125,219,8,5,10,78,1,0,1,2
25.5,26.25,78.125,91.25,343,4,4,6,54,1,0,1,2
16.125,29.875,72.625,179.5,317,6,1,16,44,1,0,1,2
13,22.375,83,76.625,287,6,7,1,43,0,0,1,2
14.875,10.5,96.875,104.875,67,6,5,3,51,0,0,1,2
11.375,15.5,60.125,144.875,236,6,3,4,17,0,0,1,2
9.625,8.5,81.625,212.125,335,9,3,14,63,0,0,1,2
13.25,18.5,56.125,88.625,255,6,1,7,37,1,0,1,2
15.25,29.875,18.75,62.125,219,8,10,7,37,0,0,1,2
13.125,23.75,77,235.375,363,7,4,5,2,1,0,1,2
20.375,14.875,76.875,254.75,310,6,3,14,49,1,0,1,2
19,13.25,88.25,261.25,227,9,8,10,83,1,0,1,2
10.625,19.875,75.375,114.25,289,6,7,6,35,0,0,0,2
16.375,29.75,74,177,264,9,1,5,48,0,0,1,2
21.5,16.25,73.25,272,259,6,3,2,32,1,0,1,2
40,22.875,69.125,267.25,181,6,5,4,19,0,0,1,2
7.125,25,47.75,314.5,290,6,7,5,44,1,0,1,2
17.5,21.5,57.5,246.5,333,5,8,7,56,1,1,0,2
21.5,16.25,73.25,272,200,6,1,3,32,0,0,1,2
9,27.125,72.5,308.5,242,9,2,1,8,0,1,0,2
11.875,15,69,149.25,274,7,1,4,19,1,0,1,2
2.625,31.5,78.375,178.5,302,5,8,13,85,1,0,1,2
9,27.125,72.5,308.5,350,6,2,1,8,0,0,1,2
13.25,18.5,56.125,88.625,126,0,1,7,37,1,0,0,2
16.75,14.125,79.625,273.75,299,6,4,5,27,1,0,1,2
11.25,11.75,91.5,122.125,256,8,5,3,50,1,0,1,2
19.25,15.25,87.875,155.125,356,5,6,3,27,0,0,1,2
19.375,29.875,38.375,67.125,122,6,8,7,74,0,1,0,2
14,16.5,77.5,81.5,142,6,2,4,53,0,0,0,2
9.25,16.375,18.25,251.125,294,9,2,4,16,0,0,1,2
12.125,27.875,67,112.25,280,6,4,2,36,0,1,0,2
11.75,26.5,30.5,308.125,159,6,8,1,44,0,0,1,2
13.25,18.5,56.125,88.625,271,8,1,7,37,1,0,1,2
16.125,29.875,72.625,179.5,245,8,1,15,44,0,0,1,2
12.875,29.875,61.25,45,264,9,4,1,4,0,0,0,2
8.875,13.125,19.125,254.625,262,6,3,4,18,0,0,1,2
11,12.125,85.875,204.25,283,4,8,12,65,2,0,1,2
9,20.125,40.875,120.5,259,6,8,7,74,1,0,1,2
12.25,41.25,14.875,260.375,268,7,7,15,82,0,0,1,2
15.375,30,75,185.5,321,8,3,1,5,1,0,1,2
13.125,20.875,77.5,140,271,9,10,12,37,1,0,1,2
18.5,27.625,71.875,86.875,328,6,3,6,55,1,0,1,2
19.25,22,35.75,56.75,238,9,8,10,56,1,0,1,2
9.125,26.625,70.125,104.375,265,7,2,6,54,0,0,1,2
20.375,14.875,76.875,254.75,342,8,3,2,49,1,0,1,2
10.5,26,25.375,228.125,231,6,4,7,37,1,0,1,2
25,16.625,61.5,159.375,295,6,1,2,34,0,0,1,2
7.625,22.25,79.125,47.5,198,6,6,12,37,1,0,1,2
10.125,25,33.25,313.25,263,5,6,1,11,0,0,1,2
8.125,20.875,85.5,85.5,313,6,10,13,37,1,0,1,2
15.375,17.5,56.375,166.625,270,4,1,4,15,1,0,0,2
6.875,22.875,78.125,129.375,235,6,11,10,37,0,0,1,2
7.875,27.5,40.125,321.125,251,6,5,1,5,0,0,0,2
12.875,24.5,62.5,102.625,254,6,8,16,48,1,0,1,2
19.25,15.625,83.25,233,288,6,6,3,61,0,0,1,2
23.375,27,78.5,105.625,252,6,4,2,54,0,0,0,2
4.25,13,68.75,205.625,204,9,6,3,51,0,1,0,2
26.625,31.5,69.25,262.625,310,8,7,5,68,0,0,1,2
9.75,28,74.25,136.375,226,6,3,6,29,1,0,0,2
12,21.875,84.375,185.75,189,9,4,2,53,1,1,0,2
10.25,27.375,80.625,75.125,202,6,10,6,30,0,1,0,2
7,29.375,55.25,182.375,183,6,7,16,44,0,1,0,2
11.875,19.25,86.375,135.75,253,9,8,10,83,0,1,0,2
10.125,25.875,32.375,246.5,261,5,5,15,44,1,0,0,2
12.5,13.375,84.125,256.5,211,6,10,8,83,0,1,0,2
16.125,29.875,72.625,179.5,160,2,1,8,44,1,1,0,2
8.75,20.125,74.625,219.875,267,8,4,2,34,0,1,0,2
14.25,11.625,81.25,287.875,182,9,8,10,83,0,1,0,2
10.75,28.875,80.375,58.25,186,6,5,4,15,0,1,0,2
15,34.375,49.75,161.125,210,4,3,15,56,1,0,0,2
4.375,30.875,81,189.25,218,4,8,9,85,1,1,0,2
10.375,22.5,39.75,114.5,257,6,4,7,74,1,0,1,2
13,24.625,49,211.375,95,6,7,8,56,0,0,0,2
9.125,24.75,52.75,156.25,135,0,8,7,56,1,0,0,2
9.75,27,50,220.75,296,6,5,15,48,1,1,0,2
24.125,15.875,84.625,232.125,191,6,4,1,27,0,0,1,2
27.625,-22.625,84.625,332.5,339,4,4,7,42,1,0,1,2
17,16.5,69.875,143.125,233,6,1,2,36,0,0,0,2
23.5,14.125,85.75,226,272,6,7,12,65,0,0,0,2
10.375,17.875,66.625,139.5,274,6,3,2,33,1,0,0,2
24.625,18.625,87.875,243.375,171,4,7,12,65,1,0,0,2
10.875,40.75,14.75,159.75,68,0,7,15,82,2,0,0,2
17.375,28.5,82,287.5,322,4,7,5,76,1,0,0,2
18.875,13.625,89.75,110.75,284,8,3,14,42,0,0,1,2
11.5,10.625,79.25,221.625,157,3,4,14,42,2,0,1,2
26.375,19.375,83.625,262.875,312,1,5,3,47,1,0,0,2
11.375,15.5,60.125,144.875,303,6,1,4,17,1,0,1,2
16.625,17.25,88.125,148.125,341,6,4,13,47,1,0,1,2
16.125,21.875,80.125,108.875,255,6,8,12,74,0,0,1,2
14.125,32,19,295.25,224,7,10,8,88,1,0,0,2
14.25,22,61.375,335.5,235,8,5,15,58,1,0,0,2
7.625,26.375,83.75,188,295,8,2,1,24,2,0,1,2
7.25,23.375,72.625,198.375,200,6,11,6,37,0,1,0,2
15.25,26.25,58,183.5,82,6,7,8,56,0,0,0,2
11.875,15,69,149.25,167,6,2,4,19,0,1,0,2
25,30.75,80.375,169.625,168,9,4,16,66,0,1,0,2
11.375,29.5,45,62.75,177,6,4,1,34,0,0,0,2
14.625,18.375,63.25,133.375,271,6,4,7,37,1,0,1,2
15.25,26.375,73.875,80.5,264,7,11,9,87,1,0,0,2
7.25,25.625,42.25,266.125,125,6,7,16,44,0,0,0,2
18.125,13.875,68.125,210.5,233,6,5,14,64,0,1,0,2
12.125,21.375,68.875,233.75,180,6,5,16,44,1,0,1,2
11.875,15,69,149.25,263,5,3,4,19,1,0,0,2
29.25,27.5,53.75,305.75,148,6,11,13,58,0,0,0,2
29.125,24.75,55.375,107.5,271,6,8,7,74,1,1,0,2
10.375,17.875,66.625,139.5,153,6,1,3,33,0,1,0,2
15.375,17.5,56.375,166.625,371,6,2,4,15,0,1,0,2
18.875,13.625,89.75,110.75,260,2,1,10,42,1,0,0,2
13.25,18.5,56.125,88.625,129,2,1,7,37,1,1,0,2
6.625,20.5,85.625,141,188,6,4,6,53,0,1,0,2
3.5,32.25,76.875,136.875,236,6,9,13,85,0,0,1,2
13.875,26.25,53.125,165.25,157,7,4,2,32,1,0,0,2
17.125,17.75,82.875,257.375,150,6,10,8,83,0,0,0,2
23.375,-6.125,85,238,252,4,5,14,42,1,0,0,2
16.625,29.625,38.75,50.375,189,8,10,7,37,1,1,0,2
3.875,26.875,65.625,103.625,235,8,7,16,44,0,0,0,2
10.5,12.25,80.125,275.5,323,6,1,2,35,0,0,0,2
16.125,29.875,72.625,179.5,105,6,1,16,44,1,0,1,2
19.875,30.625,62.625,188.75,137,9,2,1,4,0,0,0,2
9.5,21.25,55,225.5,179,6,8,7,56,0,0,0,2
13.25,29.375,28.875,102.625,225,6,4,1,6,0,0,0,2
11.75,23.5,70,105.625,194,6,8,7,74,0,0,0,2
9.5,24.875,77.125,185.375,312,6,5,2,36,0,0,0,2
9.25,16.375,18.25,251.125,236,6,1,4,16,2,0,0,2
11.375,15.5,60.125,144.875,296,6,2,4,17,0,0,0,2
18.75,24.75,78.375,175.375,327,6,5,4,17,0,0,0,2
7,23,76,57.125,178,5,8,13,37,1,0,0,2
28.375,24.25,56.5,285.125,254,8,8,7,56,1,0,0,2
15.25,26.375,73.875,80.5,236,6,9,11,87,0,1,0,2
9.125,24.75,52.75,156.25,134,6,7,8,56,0,1,0,2
8.25,22.25,79.25,54.375,213,5,8,10,37,1,0,0,2
10.625,28.5,75.625,150.625,177,6,11,12,89,0,0,0,2
24.125,14.625,74.125,243,282,9,4,14,62,1,0,1,2
14.125,12.375,80.875,148.875,148,6,2,14,43,0,1,0,2
11,23.25,20.75,304.25,262,6,10,8,88,0,0,0,2
13.875,19.5,73.5,245.25,248,9,6,14,79,0,0,1,2
9.25,22,41.625,191.25,220,6,8,10,56,0,0,0,2
22.5,22,41.625,33.125,225,6,5,15,58,0,1,0,2
15.25,23,59.75,124.5,213,6,5,15,56,0,1,0,2
9.625,25.25,76,45.625,215,6,7,15,33,0,0,0,2
14.125,12.375,80.875,148.875,288,4,1,7,43,1,1,0,2
7.625,23.5,80.5,33.75,206,3,8,6,37,1,0,0,2
9.75,28,74.25,136.375,296,6,3,6,29,1,0,1,2
13.25,18.5,56.125,88.625,276,5,1,7,37,1,0,1,2
25,16.625,61.5,159.375,307,7,1,4,34,1,1,0,2
9,15.375,19.125,251.125,199,1,2,10,52,1,0,0,2
27.75,26,37.75,108,185,7,8,7,74,1,0,0,2
10,21.5,85.375,117,257,8,6,10,37,1,0,1,2
7.25,23.375,72.625,198.375,201,4,6,11,37,1,0,0,2
17.625,13.375,82.5,160.25,124,6,10,8,83,0,1,0,2
10,21.5,85.375,117,205,6,10,6,37,0,1,0,2
12.625,31,44.625,217.125,268,7,4,15,56,1,1,0,2
8.375,14.5,89.75,251.75,222,4,5,3,26,1,0,0,2
11.875,25.625,72.875,58.5,203,6,11,9,87,1,0,0,2
19,13.25,88.25,261.25,198,6,10,8,83,0,1,0,2
10.25,23.5,55,315.125,254,6,8,7,56,1,0,0,2
8.75,25.75,79.625,120.125,243,6,10,3,21,0,1,0,2
13.25,26.875,62,146.125,58,6,8,7,56,0,0,0,2
14.125,12.375,80.875,148.875,314,9,1,14,43,3,1,0,2
23.25,29.125,83,140.375,164,2,4,16,44,1,0,0,2
17.5,21.5,57.5,246.5,179,6,7,8,56,0,0,0,2
9.125,30.25,44.875,309.5,274,8,5,1,39,0,1,0,2
20.5,9,80,161,234,6,3,14,47,1,0,1,2
22.25,21.75,59,262.875,161,6,8,7,56,0,0,0,2
18,14.375,67,242.75,256,8,1,3,22,0,0,1,2
23.375,22.625,70.875,109.625,166,4,5,7,74,1,0,0,2
14.25,11.625,81.375,212.75,99,9,6,14,64,0,0,0,2
11.875,25.625,72.875,58.5,236,6,9,11,87,0,1,0,2
8.875,13.125,19.125,254.625,219,6,2,4,18,0,1,0,2
16.125,29.875,72.625,179.5,153,3,1,16,44,1,0,0,2
14.125,12.375,80.875,148.875,280,6,2,14,43,0,1,0,2
7.125,24.5,43.5,282.125,198,6,7,5,44,0,1,0,2
23.5,23.625,68.125,238.875,246,6,4,5,1,1,0,0,2
13.125,23.5,76.75,131.875,133,6,5,4,36,0,1,0,2
7.75,17,68.5,167.625,256,6,4,2,35,0,0,0,2
20.625,25.625,76.5,231,180,6,4,5,2,0,0,0,2
13.875,24.625,29,308.875,304,6,10,8,88,0,0,0,2
18.25,36.625,38.75,143.5,216,6,3,15,58,0,1,0,2
15.5,17.375,76.375,30.75,252,6,5,14,63,0,1,0,2
9.625,25.25,24.125,172.375,171,3,4,7,74,1,1,0,2
13.875,29,55.625,72.25,236,6,5,7,74,2,0,0,2
25,16.625,61.5,159.375,267,8,1,2,34,0,1,0,2
15.375,30,75,185.5,202,6,2,1,5,0,0,0,2
12.875,24.625,51.625,73.25,154,6,7,8,56,0,1,0,2
24.75,30.875,72.125,260,219,6,7,5,68,1,0,0,2
7.25,31,75.25,169.75,211,6,6,1,38,0,1,0,2
10,21.125,69.625,255.5,283,9,4,14,64,0,1,0,2
25.25,17,61.625,159.125,302,6,1,16,34,1,1,0,2
18.5,27.625,71.875,86.875,283,4,2,6,55,1,1,0,2
4.25,23.25,75,148.5,197,8,6,8,37,0,1,0,2
9,27.25,66.5,67.875,296,8,5,4,16,0,1,0,2
24.875,14,93.875,204.25,322,3,5,1,27,1,1,0,2
9.625,14,89.625,129.25,144,6,5,3,27,0,1,0,2
10.875,14.375,83.375,269.125,236,6,8,10,83,0,1,0,2
29.625,25.125,35.375,110.375,223,8,8,7,74,0,1,0,2
9.625,15.625,64.875,152.75,300,7,1,15,41,1,1,0,2
14.375,14.25,79.125,241.125,83,1,2,16,27,2,0,0,2
18.875,13.625,89.75,110.75,257,6,2,14,42,0,0,0,2
8.5,25,60.375,172.25,311,6,5,15,56,0,0,0,2
20.5,9,80,161,283,6,2,14,47,1,0,0,2
17.125,13.625,74.875,239.5,269,2,1,3,20,1,1,0,2
17.625,13.375,82.5,160.25,127,2,8,10,83,1,0,0,2
28,14.375,76.375,258.25,219,8,4,15,26,0,1,0,2
18,18.25,83,191.875,328,5,4,3,61,0,1,0,2
14.375,42.125,9.25,149.75,334,5,7,15,82,0,0,0,2
7.625,23.5,80.5,33.75,204,6,6,8,37,0,1,0,2
7.75,21.625,85.625,110.375,113,6,11,13,37,0,1,0,2
28.5,11.875,77,233,365,6,3,12,65,0,1,0,2
15.75,14,74,237.375,53,3,2,14,26,2,0,0,2
13.375,24.5,52.75,176.125,265,8,5,1,48,1,1,0,2
20.5,20,73.125,254.75,157,8,6,14,43,1,1,0,2
19.5,12.125,77.125,234.25,310,8,2,3,50,0,1,0,2
9.875,26,49.5,253.625,124,6,8,5,44,0,0,0,2
16.125,29.875,72.625,179.5,119,9,1,16,44,2,1,0,2
12.875,24.625,51.625,73.25,158,4,8,7,56,1,0,0,2
4.25,23.25,75,148.5,198,7,8,6,37,1,0,0,2
15.25,26.25,58,183.5,131,6,8,7,56,1,1,0,2
16.125,29.875,72.625,179.5,204,6,3,16,44,0,1,0,2
4.25,25.375,79.125,222.25,231,7,1,5,2,1,1,0,2
30,26.75,75.875,89.5,185,6,4,6,55,0,1,0,2
21.5,16.25,73.25,272,309,3,1,2,32,0,1,0,2
20.375,17.375,77.5,62.25,121,6,6,14,64,0,1,0,2
11.5,30.5,18.5,293.75,229,6,10,8,88,0,1,0,2
14.375,14.25,79.125,241.125,214,6,2,3,27,0,1,0,2
20,16,74,273.875,104,1,1,13,32,1,0,0,2
7.625,25.375,53.625,303.25,289,6,5,16,44,1,1,0,2
8.125,22.375,41.5,318.75,286,8,5,1,24,0,1,0,2
14.125,23.375,78.375,238.625,187,9,4,5,2,0,1,0,2
15.125,13.875,70.25,305.875,363,9,5,12,59,1,1,0,2
9.125,16,60.5,215.375,276,6,5,14,77,0,1,0,2
20,16,74,273.875,185,6,1,6,32,1,0,0,2
9.875,26,49.5,253.625,253,6,5,8,44,1,1,0,2
15,16.875,62,138.625,220,6,4,2,37,0,1,0,2
13.125,23.5,76.75,131.875,134,1,4,5,36,1,0,0,2
9.25,16.375,18.25,251.125,318,8,3,4,16,0,1,0,2
4.25,27.25,64,183.375,128,6,7,16,44,0,1,0,2
11.5,25.625,67,70.5,165,6,5,6,37,0,1,0,2
8.125,32.375,66.75,212.25,438,4,4,1,9,1,1,0,2
8,29.25,80.625,86,124,5,6,14,80,0,1,0,2
12.625,26.375,79,88.5,201,6,11,9,86,1,1,0,2
7.75,26,33.5,239.375,208,7,5,16,44,1,0,0,2
3.875,24.5,71.5,288.5,173,6,7,16,44,0,1,0,2
5,22.75,77.625,203.25,290,6,6,7,37,1,0,0,2
9.5,29.75,76,200,366,8,3,1,25,0,1,0,2
7.75,25.875,66.25,222.125,183,6,7,16,66,0,0,0,2
11.625,12.875,81.125,307.875,326,6,7,10,59,0,1,0,2
16.75,14.125,79.625,273.75,203,6,5,4,27,0,1,0,2
8.125,23,78.625,295.625,236,6,5,14,43,2,1,0,2
11.125,31.5,74.75,174.625,162,6,4,16,44,0,1,0,2
9.625,19.625,68.125,238.75,286,6,7,13,77,1,1,0,2
6.5,25,48.75,70.375,328,3,4,2,37,1,1,0,2
14.5,23.25,47.5,93.125,177,6,8,10,56,0,1,0,2
4.25,25.375,79.125,222.25,218,4,1,5,2,1,0,0,2
26.5,27.25,69.875,237.75,196,5,4,5,1,1,0,0,2
26.375,31.125,70.5,256.875,204,7,7,5,68,1,1,0,2
8.25,22.25,79.25,54.375,209,7,10,8,37,0,1,0,2
18.875,13.625,89.75,110.75,278,5,1,14,42,0,1,0,2
7.875,8.25,76.75,229.25,229,3,3,14,64,1,1,0,2
28.375,24.25,56.5,285.125,248,6,7,8,56,0,1,0,2
16.375,13.75,70.5,234.375,205,6,2,3,51,0,1,0,2
6.875,22.875,78.125,129.375,357,4,6,13,37,1,1,0,2
14,16.5,77.5,81.5,117,4,2,6,53,1,1,0,2
15,34.375,49.75,161.125,255,8,2,15,56,1,1,0,2
13.125,12.5,62,116.375,225,4,3,14,62,1,1,0,2
16.125,29.875,72.625,179.5,228,6,1,16,44,0,0,0,2
20.375,14.875,76.875,254.75,304,6,2,3,49,0,1,0,2
16.625,9,79.375,207.75,268,6,1,14,46,0,1,0,2
16.125,29.875,72.625,179.5,200,6,1,16,44,0,1,0,2
15.125,22.75,88.25,273.5,293,6,2,1,6,0,1,0,2
7.25,26,75.5,177,194,6,7,16,66,0,1,0,2
17.625,25.75,82.125,231.5,359,5,2,1,45,0,1,0,2
14.125,12.375,80.875,148.875,151,6,2,14,43,0,1,0,2
5.75,25.75,64.75,203.875,334,5,2,1,7,1,1,0,2
11.375,28.875,57.75,114.625,128,6,7,16,44,0,1,0,2
14.625,15.375,85.625,147.875,245,6,6,3,60,0,1,0,2
4.5,25,81.75,247.5,304,6,2,1,13,1,1,0,2
8.125,26,24.625,235.625,265,4,10,8,88,1,0,0,2
7.75,26.75,70.875,58.25,163,6,11,9,86,0,0,0,2
12,31,53.375,112.75,266,5,4,15,58,1,1,0,2
18.875,13.625,89.75,110.75,277,9,1,14,42,0,1,0,2
5.375,28,66.625,185.25,194,6,5,1,25,0,1,0,2
8.875,27.5,74.5,240.125,220,1,1,5,1,1,1,0,2
22.25,21.75,59,262.875,226,6,7,8,56,1,1,0,2
11.375,33.625,38.125,210.25,232,8,11,13,58,1,1,0,2
9.25,21,62,101.25,221,4,4,2,37,1,1,0,2
17.375,28,68.875,145,204,5,11,12,89,1,0,0,2
13.875,19.625,76,17.625,281,5,4,14,43,0,1,0,2
15.125,19.75,83.625,280.375,267,6,4,3,22,0,1,0,2
16.375,29.75,74,177,280,4,1,16,48,1,1,0,2
17.125,17.75,82.875,257.375,229,7,8,10,83,1,1,0,2
30,10.25,88.25,215.875,279,8,4,14,42,0,1,0,2
13.375,32,54.25,276.5,183,6,4,15,56,1,1,0,2
8.875,13.125,19.125,254.625,217,6,1,4,18,0,1,0,2
6.875,22,71.375,229.125,332,1,5,16,34,1,1,0,2
5.75,25.75,64.75,203.875,326,6,2,1,7,0,1,0,2
18.5,27.625,71.875,86.875,270,9,2,6,55,1,1,0,2
16.75,23.5,48.75,214.875,198,6,10,2,52,0,1,0,2
18.25,36.625,38.75,143.5,283,5,3,15,58,1,1,0,2
20.5,9,80,161,216,6,1,14,47,0,1,0,2
9.25,16.375,18.25,251.125,206,2,1,4,16,1,1,0,2
11.75,28,74.125,57.125,289,8,6,1,14,1,1,0,2
9.5,16.25,85.25,85,236,6,5,8,63,1,1,0,2
14,22,64.5,129.875,200,6,11,9,37,1,1,0,2
8.875,13.125,19.125,254.625,289,7,1,4,18,0,1,0,2
13.25,18.5,56.125,88.625,173,1,1,7,37,1,1,0,2
10.375,20,51.5,256.75,218,9,5,14,64,0,1,0,2
19.25,22,35.75,56.75,100,6,10,8,56,0,1,0,2
9.5,21.25,55,225.5,333,5,7,8,56,1,1,0,2
12.75,26.125,56,174.875,206,3,9,12,58,1,1,0,2
13.25,26.875,62,146.125,175,6,7,8,56,1,1,0,2
7.25,11.5,34,197.625,399,9,3,4,67,1,1,0,2
4.25,26.25,42.25,79,246,4,5,16,44,1,1,0,2
18.875,13.625,89.75,110.75,191,6,2,14,42,0,1,0,2
16.5,21,74.125,237.875,150,4,4,14,43,1,1,0,2
6.625,34.375,29.375,149,270,7,4,1,31,1,1,0,2
11.75,14.25,81.5,205.125,236,4,4,14,62,1,1,0,2
12.375,29.25,45.75,106.375,155,2,5,7,37,1,1,0,2
15.25,13.125,89.25,243.125,178,6,8,12,65,1,1,0,2
13,24.625,49,211.375,241,9,8,7,56,1,1,0,2
9.125,33.375,25.625,242.75,303,5,4,1,11,1,1,0,2
5.875,24.375,67.75,122.875,104,6,10,7,37,0,1,0,2
25.5,18.375,76.875,181.625,271,8,4,14,47,1,1,0,2
12.625,27.125,87.875,168.25,278,6,3,16,66,1,1,0,2
9.125,26.625,70.125,104.375,288,6,2,4,54,1,1,0,2
6.875,22.875,78.125,129.375,237,6,10,11,37,1,1,0,2
14.375,12.375,59.625,110.75,150,6,12,9,86,0,1,0,2
9.25,16.375,18.25,251.125,119,1,1,4,16,1,1,0,2
27.625,-22.625,84.625,332.5,277,6,7,4,42,0,1,0,2
17,16.5,69.875,143.125,331,4,1,2,36,1,1,0,2
10.25,23.5,55,315.125,253,7,7,8,56,0,1,0,2
18,13.25,87.125,222.375,236,6,6,3,20,2,1,0,2
18.5,27.625,71.875,86.875,236,6,2,4,55,2,1,0,2
12.25,30.875,45.25,188.125,210,6,11,13,58,0,1,0,2
6,27.125,41.875,245.625,176,6,8,15,48,0,1,0,2
15.125,19.375,55.875,148.875,268,6,4,2,32,0,1,0,2
18.25,36.625,38.75,143.5,231,9,2,15,58,1,1,0,2
9.25,22,41.625,191.25,271,9,10,8,56,1,1,0,2
11.25,23.5,77.875,125.375,408,5,4,6,36,1,1,0,2
14,30,58.625,236.625,259,8,4,15,58,1,1,0,2
31.125,30.875,73.375,262.125,339,5,4,5,68,1,1,0,2
6.75,20,71,173.625,411,4,4,10,35,1,1,0,2
23.125,22.625,71.375,271,202,6,4,15,43,0,1,0,2
14.625,27.5,79.875,100.875,156,3,4,3,21,1,1,0,2
17.25,20.25,83.375,130.75,287,6,5,14,47,1,1,0,2
9.375,24.875,57.625,171.5,195,9,8,9,74,0,1,0,2
16.125,29.875,72.625,179.5,309,8,3,16,44,1,1,0,2
25,16.625,61.5,159.375,308,5,3,2,34,1,1,0,2
14.125,3.625,92.5,266,210,6,4,14,42,1,1,0,2
12.875,23.25,75.75,267.875,304,8,2,1,10,1,1,0,2
15.375,28.375,79.5,34.875,244,7,11,9,86,0,1,0,2
14.125,16.375,67,107,264,8,8,7,74,1,1,0,2
17.125,13.625,74.875,239.5,239,6,2,3,20,0,1,0,2
21,27.625,59.125,275.875,249,5,13,8,84,1,0,0,0
18.625,14.125,88.5,267.75,303,7,5,10,69,1,0,1,0
10.625,10.625,83.625,234.875,181,6,10,16,69,0,0,1,0
12.875,28.5,50.5,158.375,236,6,13,9,84,0,0,0,0
13.875,21.625,33.75,98.125,230,8,9,11,84,1,0,1,0
6.375,23.25,34.875,130.625,271,6,6,1,12,0,1,0,0
25.875,24.125,60.125,275.375,282,4,13,8,84,1,0,1,0
6.5,29.25,80.25,277.375,229,6,5,4,3,0,0,0,0
14.75,25,61.25,215.75,147,6,11,12,57,0,0,1,0
28,20,59.375,279.875,218,6,13,12,84,0,0,1,0
23,24.125,64.125,275.375,273,5,13,8,84,0,0,1,0
7.25,18.375,78.5,150.875,112,6,1,5,12,0,0,1,0
16.375,33,46.875,85.75,143,6,4,15,57,0,0,0,0
23.875,13.625,83.125,191.25,154,6,10,14,69,0,1,0,0
14.625,21.375,39,14.375,222,9,13,10,84,0,0,1,0
9.625,27.125,54.75,261.25,202,6,13,10,84,0,0,0,0
10.75,25.875,60.125,164.375,258,9,13,8,84,1,0,1,0
10.5,26.625,82.75,231.75,185,6,3,5,3,0,1,0,0
14.625,21.375,39,14.375,226,6,10,13,84,1,1,0,0
22.875,21.625,60.125,278.25,174,6,13,12,57,1,0,0,0
10.5,26.625,82.75,231.75,239,4,1,5,3,1,0,0,0
9.5,26.625,51,133.375,317,6,5,3,3,1,0,1,0
10.5,26.625,82.75,231.75,292,6,3,5,3,0,1,0,0
10.5,26.625,82.75,231.75,215,6,3,5,3,0,0,0,0
8.75,28.75,70.625,144.125,267,4,5,3,3,1,0,0,0
14.375,29.375,41.5,124.125,236,6,13,9,84,0,0,0,0
7.125,23.875,57.125,256,246,8,8,10,57,1,0,1,0
15.75,34.625,48,157.375,217,5,2,15,57,1,0,0,0
8.75,26.25,77.875,146.5,121,6,4,5,3,0,0,0,0
7.125,29.375,75.875,144,225,2,5,6,3,1,0,0,0
10.5,26.625,82.75,231.75,265,6,3,5,3,0,1,0,0
15.75,34.625,48,157.375,355,5,3,15,57,1,1,0,0
7.875,26.625,73.625,148.25,302,6,5,3,3,1,1,0,0
9.375,16.875,92.375,187.875,82,6,10,15,69,0,1,0,0
6.75,29.25,54.5,210.625,245,4,1,5,40,1,0,0,0
11.375,25.375,44.5,29,242,6,5,1,40,0,1,0,0
15.75,25.375,84.5,110.25,207,6,5,1,3,0,0,0,0
8.25,23,67.625,243.75,180,6,8,10,57,0,0,1,0
15.125,26.875,42.5,107.625,185,6,13,10,84,0,0,1,0
20.75,22.75,53.875,214.125,323,4,9,11,84,1,0,1,0
6.5,29.25,80.25,277.375,304,5,4,5,3,1,1,0,0
11.25,16.125,85,272.75,241,6,10,5,69,0,1,0,0
8.5,12.875,84.875,139.5,173,3,10,12,69,1,1,0,0
6.875,30.75,70.375,174.375,181,6,5,15,3,0,0,0,0
12.875,28.5,50.5,158.375,282,8,9,13,84,1,1,0,0
8.875,28,51.25,150.375,186,2,5,3,3,1,0,0,0
20.75,11.125,82.375,230.125,236,6,3,10,69,2,1,0,0
7.625,28.125,71.375,171.75,288,6,5,2,3,1,1,0,0
24,22.25,56.875,272.125,223,4,10,12,84,1,1,0,0
7.25,18.375,78.5,150.875,194,4,1,14,12,1,1,0,0
18.625,14.125,88.5,267.75,216,6,10,5,69,0,1,0,0
21,27.625,59.125,275.875,248,6,8,13,84,0,1,0,0
7.25,28.125,79.125,190.75,227,8,5,2,3,0,0,1,0
9.25,12.5,92.375,106.5,236,6,10,16,69,2,1,0,0
24.375,25,60.5,286.5,287,8,5,15,57,1,1,0,0
13.875,21.625,33.75,98.125,207,6,11,9,84,0,1,0,0
25.875,24.125,60.125,275.375,280,8,8,13,84,0,0,1,0
11.25,16.125,85,272.75,377,8,5,10,69,1,0,1,0
20.75,22.75,53.875,214.125,230,6,11,9,84,0,1,0,0
22.875,21.625,60.125,278.25,173,6,12,13,57,0,1,0,0
14.375,29.375,41.5,124.125,298,4,9,13,84,1,1,0,0
9.25,21.875,53.25,259.375,301,5,10,13,84,1,1,0,0
6.875,14.5,83.25,106.625,225,7,10,12,69,1,1,0,0
14.25,20.375,56.25,244.5,331,6,10,12,84,1,1,0,0
14.125,22.25,43.875,122.25,174,6,9,13,57,0,0,1,0
7.625,21.25,70.25,290.875,280,9,5,16,75,1,0,1,0
10.375,32.625,62.125,238,209,8,5,15,57,0,1,0,0
7.125,29.375,75.875,144,214,6,6,5,3,0,1,0,0
8.75,26.25,77.875,146.5,299,8,5,4,3,1,1,0,0
15.125,26.875,42.5,107.625,270,6,10,13,84,1,0,1,0
9.25,21.875,53.25,259.375,234,6,13,10,84,0,0,0,0
9.625,27.125,54.75,261.25,203,2,10,13,84,1,0,0,0
6.375,28,79.625,126.5,159,8,6,5,3,0,0,1,0
10.5,26.625,82.75,231.75,375,5,1,5,3,1,1,0,0
7.875,29.625,74.375,246.375,256,9,5,15,3,0,1,0,0
13.75,22.875,62.375,242.125,240,2,8,12,84,1,1,0,0
4.875,19.625,16.625,138,114,3,5,1,12,1,1,0,0
7,27.875,87.375,100.125,238,6,5,1,3,0,1,0,0
7.25,18.375,78.5,150.875,330,6,1,6,12,1,0,1,0
26.625,25.125,51.375,293.375,192,8,11,12,57,0,0,1,0
23,24.125,64.125,275.375,276,8,8,13,84,1,1,0,0
10.25,20.5,47.5,168.125,300,6,13,12,84,1,0,0,0
14.125,22.25,43.875,122.25,175,4,13,9,57,1,0,1,0
19.5,12,79.75,212.5,238,6,10,14,69,0,1,0,0
10.75,25.875,60.125,164.375,228,6,8,13,84,0,1,0,0
6.375,28,79.625,126.5,164,9,5,6,3,1,1,0,0
16.375,22.125,89.5,126.125,231,9,6,16,53,0,0,0,1
7.625,22.5,26.625,236.375,304,7,4,14,16,1,0,1,1
8.75,17.625,67,212.375,353,6,4,16,71,1,0,1,1
31.125,30.875,73.375,262.125,257,6,5,4,68,0,0,0,1
23.125,31,72.875,244.875,368,4,5,15,68,1,1,0,1
17.125,13.625,74.875,239.5,481,6,3,2,20,1,0,1,1
18,14.375,67,242.75,339,6,3,4,22,1,0,1,1
5.875,32,77.125,151.25,138,1,5,14,68,0,1,0,1
11.875,25.5,71.125,131,319,3,4,3,16,1,0,0,1
13.25,14.75,82.875,257.625,327,5,12,13,65,1,0,1,1
25.625,29.875,77.5,244.75,275,7,5,15,68,0,0,1,1
5.75,26.875,37.625,206,204,6,4,1,16,0,0,1,1
25.25,17,61.625,159.125,342,9,2,3,34,1,0,1,1
16.625,29.625,38.75,50.375,187,6,7,10,37,0,0,1,1
12.375,29.25,45.75,106.375,154,6,7,5,37,0,0,1,1
9,27.25,66.5,67.875,384,6,4,5,16,1,0,1,1
21.5,16.25,73.25,272,300,8,2,4,32,1,0,1,1
5.75,25.75,64.75,203.875,313,8,1,2,7,0,0,0,1
11.25,25,58.75,111.625,358,4,4,1,18,1,0,1,1
25,16.625,61.5,159.375,269,6,2,1,34,1,0,0,1
15.125,22.75,88.25,273.5,294,5,1,2,6,1,0,0,1
29.125,24.75,55.375,107.5,213,6,7,8,74,0,0,0,1
15.75,14,74,237.375,256,0,3,5,26,1,0,0,1
14.375,14.25,79.125,241.125,218,7,3,2,27,1,0,0,1
5.875,24.375,67.75,122.875,211,9,7,10,37,1,0,1,1
7.625,26.375,83.75,188,288,7,1,5,24,1,0,0,1
10.875,29.75,71.875,222.125,288,7,1,6,14,0,0,1,1
17.625,15.875,87.75,190.25,153,6,12,9,65,2,0,1,1
10.125,15.25,82.75,91.75,229,3,12,13,65,1,0,0,1
26.375,28.375,72.5,240.5,216,6,5,1,1,0,0,1,1
15.5,11.875,62.75,105.125,155,6,7,15,74,0,0,0,1
18,21.875,72.625,190.5,439,2,4,6,18,1,0,1,1
15,15.125,75.75,242.625,369,9,3,6,60,1,0,1,1
24.75,30.875,72.125,260,300,6,5,7,68,0,1,0,1
11,12.125,85.875,204.25,236,6,12,8,65,2,1,0,1
14.875,15.625,78.75,252.875,330,6,3,4,61,1,0,1,1
10.75,28.875,80.375,58.25,307,6,4,5,15,1,0,1,1
14.125,16.375,67,107,261,8,7,8,74,0,0,1,1
16.375,13.75,70.5,234.375,210,3,3,6,51,1,0,0,1
11.25,26.125,75,221.625,275,4,1,5,39,1,0,0,1
20,16,74,273.875,247,6,2,3,32,0,1,0,1
15.25,13.125,89.25,243.125,132,6,12,8,65,0,0,0,1
26.375,31.125,70.5,256.875,203,8,5,7,68,0,0,1,1
17.375,28.5,82,287.5,316,5,5,7,76,0,1,0,1
13.25,22,22.375,180.75,361,6,4,2,18,1,0,1,1
24.625,27.375,76.625,87.75,283,6,6,16,54,0,0,0,1
21.5,16.25,73.25,272,310,5,2,1,32,1,0,0,1
8.75,25.125,87.25,95.625,328,6,3,10,21,1,0,1,1
13.375,23.375,28.625,172,204,6,4,14,73,0,1,0,1
12.5,27.125,79.25,240.5,197,6,1,6,38,0,1,0,1
21.75,27.125,58.5,81.125,257,6,7,6,74,3,1,0,1
23.375,22.625,70.875,109.625,160,6,7,5,74,0,1,0,1
19.875,30.625,62.625,188.75,299,8,1,4,4,1,1,0,1
23.75,17,69.125,108,216,6,7,4,74,0,1,0,1
15.25,29.875,18.75,62.125,222,8,7,10,37,1,1,0,1
4.5,26.125,83.375,84.125,184,6,7,8,37,0,0,0,1
17,16.5,69.875,143.125,235,7,2,3,36,1,0,0,1
6.5,24.375,87.875,163.875,99,4,7,8,37,0,0,0,1
27.75,26,37.75,108,184,8,7,8,74,0,1,0,1
9.625,15.625,64.875,152.75,216,4,2,15,41,1,0,0,1
25.25,17,61.625,159.125,186,3,2,14,34,1,0,0,1
25,16.625,61.5,159.375,220,6,2,15,34,0,1,0,1
6.375,24.75,82,143.625,129,6,7,8,37,1,1,0,1
4.5,25,81.75,247.5,392,4,1,5,13,1,0,1,1
17,16.5,69.875,143.125,275,8,2,4,36,1,0,0,1
14.75,26.375,62.625,162.75,179,6,4,1,17,0,1,0,1
10.375,17.875,66.625,139.5,301,9,2,3,33,1,0,0,1
18.25,12.625,70.875,102.5,233,4,7,15,74,0,0,0,1
16.375,13.75,70.5,234.375,208,9,3,2,51,1,0,0,1
16.5,23.125,71.875,97.25,263,9,7,9,74,1,0,1,1
9.875,21,42.125,68.75,193,6,7,1,37,0,1,0,1
19.5,12.125,77.125,234.25,314,4,3,2,50,1,0,0,1
12.875,23.25,75.75,267.875,232,4,1,14,10,1,0,0,1
6.375,26.875,62.5,183.5,234,6,5,16,1,0,1,0,1
14.5,29.5,79.125,68.25,279,8,4,6,15,1,1,0,1
10.375,17.875,66.625,139.5,270,9,2,3,33,0,1,0,1
9,31,78,164.125,288,9,5,14,68,2,0,1,1
19.875,30.625,62.625,188.75,281,7,1,2,4,1,1,0,1
12,31.875,21.125,65.25,270,5,7,10,37,1,1,0,1
7.375,15.375,58,84.125,107,6,7,15,74,0,1,0,1
8.75,23.875,21.25,108.375,152,6,7,2,37,0,1,0,1
18.875,26.625,70.375,234.625,252,6,1,4,31,0,0,0,1
9.625,15.625,64.875,152.75,369,7,2,15,41,1,1,0,1
21.5,16.25,73.25,272,265,3,2,15,32,1,1,0,1
15,15.125,75.75,242.625,127,3,3,10,60,1,0,0,1
17,16.5,69.875,143.125,353,6,2,15,36,1,1,0,1
15.375,28.375,79.5,34.875,181,3,9,11,86,1,0,0,1
14.875,15.625,78.75,252.875,294,1,3,6,61,1,1,0,1
14.625,18.375,63.25,133.375,208,6,7,4,37,0,1,0,1
17.625,25.75,82.125,231.5,362,1,1,2,45,1,0,0,1
7.375,24.375,88.625,67.625,54,6,7,8,37,0,0,0,1
7.75,19.5,51.625,135.375,168,6,7,1,37,0,0,1,1
13.25,24.375,55,223.5,295,4,4,2,16,1,1,0,1
12.125,18.875,50.75,115.375,235,6,7,14,37,0,1,0,1
20.625,11,86,219.125,140,6,10,5,78,0,1,0,1
12.25,12.875,77.375,293.25,247,7,6,16,81,1,0,1,1
19.375,29.875,38.375,67.125,126,2,7,8,74,1,0,0,1
17.375,17.25,45.125,125.625,257,2,7,8,74,1,1,0,1
17,16.5,69.875,143.125,244,3,2,3,36,1,0,0,1
37,29.5,67.125,236.75,255,8,5,15,1,0,0,1,1
10.625,29,75.75,241.625,298,7,1,4,11,0,0,0,1
10.875,16.875,60.25,191,327,8,4,2,17,1,1,0,1
15.75,23,68.375,107.875,210,6,7,12,74,3,1,0,1
12.625,26.375,79,88.5,187,6,9,11,86,0,0,0,1
21.5,16.25,73.25,272,278,8,2,3,32,1,0,1,1
29.75,24.375,68.875,64.75,159,6,6,3,29,0,0,1,1
8.625,26.875,65.25,192.75,361,5,4,6,16,1,0,1,1
17.125,28.625,83.625,280.125,158,3,5,7,76,1,1,0,1
10.125,15.375,75.875,96.125,126,6,7,1,37,0,0,1,1
17,16.5,69.875,143.125,286,6,2,3,36,0,1,0,1
24,26.5,77.125,66.625,124,1,4,6,72,1,0,0,1
14.625,27.625,41.25,220.625,250,5,4,3,67,0,0,0,1
10.5,26,25.375,228.125,170,6,7,4,37,0,1,0,1
13.375,26,75.875,233.5,217,9,5,1,2,0,1,0,1
10.625,18.625,36.25,279.875,227,4,7,8,74,1,1,0,1
10.5,12.25,80.125,275.5,348,8,2,1,35,1,1,0,1
4.5,25,81.75,247.5,303,9,1,2,13,0,0,1,1
8.375,24.75,52.125,201.25,207,5,4,1,18,1,0,0,1
4,27.875,76.625,110.75,311,6,5,16,1,2,1,0,1
6.625,22.875,53.625,41.375,209,6,7,1,37,0,1,0,1
17.625,21,79,130.25,261,6,4,15,19,0,1,0,1
10.875,23.5,73.125,66.125,369,6,4,16,72,1,1,0,1
14.625,18.875,42.125,121.125,211,7,7,2,37,1,0,0,1
25.25,17,61.625,159.125,264,8,2,14,34,1,1,0,1
10.5,12.25,80.125,275.5,378,5,2,14,35,1,0,1,1
9.125,26.75,49.125,180.5,118,6,4,1,16,0,0,1,1
15.125,22.75,88.25,273.5,247,9,1,4,6,1,1,0,1
9.625,15.625,64.875,152.75,217,9,2,3,41,1,1,0,1
17.5,12.875,67,273.75,133,3,2,12,59,1,1,0,1
9.5,29.75,76,200,363,5,1,5,25,1,0,1,1
30.75,17.125,70.25,226.625,168,4,4,2,19,1,0,0,1
7,25.375,83.625,65.875,292,7,5,3,2,1,1,0,1
11.5,12.5,76,293.875,219,7,6,16,81,1,1,0,1
9,27.125,72.5,308.5,351,4,1,2,8,1,1,0,1
26.625,25.25,70.375,77.875,262,7,4,3,19,0,1,0,1
8.75,25.125,87.25,95.625,322,7,3,1,21,1,1,0,1
26.75,10.375,70.875,114.125,194,6,7,15,74,0,1,0,1
22.75,25.5,80.75,232.25,288,8,5,15,2,1,0,0,1
25,16.625,61.5,159.375,270,4,2,3,34,1,0,0,1
19.875,10.125,73.625,109.75,67,6,7,15,74,0,1,0,1
17.25,25.375,74.625,202.375,262,8,4,6,19,0,0,1,1
10.375,17.875,66.625,139.5,309,3,2,1,33,1,0,0,1
9.625,20.25,56.375,94.125,251,7,7,1,37,0,1,0,1
25,16.625,61.5,159.375,304,8,2,3,34,0,0,1,1
18.75,24.75,78.375,175.375,367,5,4,5,17,1,1,0,1
20.625,25.625,76.5,231,267,6,5,4,2,1,1,0,1
11.5,17.25,43.875,111.625,304,3,7,14,37,1,1,0,1
8.875,29,78.625,199,211,8,5,14,1,1,0,1,1
10.5,12.25,80.125,275.5,329,5,2,4,35,1,1,0,1
6.875,26.375,84.5,224.375,236,8,5,1,2,0,0,1,1
12.875,23.25,75.75,267.875,232,6,1,2,10,0,0,0,1
9.25,20,67.5,161.5,372,6,4,2,15,1,0,0,1
5.75,25.75,64.75,203.875,383,6,1,2,7,1,0,1,1
13.125,25.125,80.875,144.875,269,6,6,3,29,1,0,1,1
13.75,29,61.75,133.625,195,6,4,15,17,0,0,0,1
9.75,27.625,74.125,48.375,283,7,4,14,15,1,1,0,1
17,16.5,69.875,143.125,328,7,2,1,36,1,1,0,1
9.875,25,83.25,55.25,280,6,4,1,15,1,0,1,1
7.625,20.25,55.875,108.125,123,6,7,1,37,0,1,0,1
18,14.375,67,242.75,260,2,3,1,22,1,1,0,1
7.125,22.25,42.375,76,235,9,7,14,37,0,1,0,1
13.875,29,55.625,72.25,55,2,7,5,74,2,1,0,1
21.5,16.25,73.25,272,154,6,2,4,32,0,1,0,1
13.25,31.25,80.625,40,242,8,5,3,68,0,1,0,1
23.5,14.125,85.75,226,317,6,12,7,65,1,1,0,1
9.125,22.375,83.125,115,269,8,4,1,15,0,1,0,1
9.125,24.875,83.875,93,107,3,7,8,37,1,0,0,1
9.625,15.625,64.875,152.75,197,7,2,3,41,1,1,0,1
9,20.125,40.875,120.5,159,6,7,8,74,0,1,0,1
14.375,14.25,79.125,241.125,258,5,3,6,27,1,1,0,1
25,16.625,61.5,159.375,268,7,2,4,34,1,0,0,1
17.125,13.625,74.875,239.5,268,6,3,1,20,0,0,1,1
10.625,29,75.75,241.625,337,6,1,14,11,1,0,1,1
17,16.5,69.875,143.125,324,8,2,14,36,1,1,0,1
9.625,25.25,24.125,172.375,165,6,7,4,74,0,0,1,1
9,27.125,72.5,308.5,243,3,1,2,8,1,0,0,1
25.125,29.75,79.25,119.5,338,7,6,16,54,1,1,0,1
19.5,22.625,16.125,247,282,0,4,16,70,1,0,0,1
17,16.5,69.875,143.125,330,7,2,1,36,0,0,1,1
11.25,27.625,74.625,207.5,224,6,1,4,9,0,0,0,1
24.625,18.625,87.875,243.375,169,6,12,7,65,0,1,0,1
10.25,27.375,80.625,75.125,205,6,6,10,30,1,0,0,1
28.125,29.25,63,231.25,104,3,5,15,1,1,0,0,1
20,16,74,273.875,259,6,2,3,32,0,1,0,1
15.375,23.375,84.625,174.625,271,6,6,16,53,1,0,1,1
15.75,14,74,237.375,240,4,3,2,26,1,1,0,1
13.75,22.625,70.5,199,237,5,4,3,17,1,1,0,1
17,16.5,69.875,143.125,376,9,2,5,36,1,1,0,1
10.375,22.5,39.75,114.5,196,6,7,4,74,0,1,0,1
11.25,27.625,74.625,207.5,280,8,1,14,9,0,1,0,1
14.375,14.25,79.125,241.125,309,4,3,5,27,1,1,0,1
25.25,17,61.625,159.125,296,7,2,1,34,1,1,0,1
4.5,25,73.625,238,301,8,4,1,16,2,1,0,1
15,15.125,75.75,242.625,16,1,3,5,60,2,1,0,1
17.125,13.625,74.875,239.5,21,0,3,6,20,2,0,1,1
5.75,23.375,76.25,51.75,226,7,7,13,37,0,1,0,1
17.125,13.625,74.875,239.5,286,8,3,5,20,3,1,0,1
13.625,24.625,73.125,189,164,3,4,5,18,1,1,0,1
7.625,26.375,83.75,188,27,0,1,2,24,2,1,0,1
11.125,30,35.625,296.5,266,9,4,3,18,1,1,0,1
10.375,17.875,66.625,139.5,268,9,2,15,33,1,1,0,1
26.625,31.5,69.25,262.625,312,2,5,7,68,1,1,0,1
8.75,25.125,87.25,95.625,153,6,3,4,21,0,0,1,1
26,26.25,37.25,99.625,172,6,7,8,74,0,1,0,1
40,22.875,69.125,267.25,185,2,4,5,19,1,1,0,1
14.375,14.25,79.125,241.125,308,2,3,16,27,1,1,0,1
15.375,30,75,185.5,252,6,1,2,5,1,1,0,1
3.5,25.25,87.375,121.125,239,6,5,3,2,0,0,1,1
17.5,12.875,67,273.75,304,7,2,3,59,1,1,0,1
10.125,27.875,31,64.5,218,8,7,6,74,1,1,0,1
12.5,27.125,79.25,240.5,212,4,1,6,38,1,0,0,1
11.375,26,74,152.25,181,6,4,15,16,1,1,0,1
5,22.75,77.625,203.25,289,6,7,6,37,0,1,0,1
20,26.5,75.5,149.125,278,6,6,3,29,0,1,0,1
24.875,22.25,85.5,95.375,201,6,4,1,19,0,1,0,1
7.75,31.875,64.375,153,263,7,1,6,23,1,1,0,1
21.5,16.25,73.25,272,417,6,2,8,32,1,0,1,1
7.75,26.75,70.875,58.25,269,6,9,11,86,1,1,0,1
10.875,29.75,71.875,222.125,219,2,1,5,14,1,1,0,1
11.75,23.5,70,105.625,196,6,7,8,74,1,1,0,1
17,16.5,69.875,143.125,236,6,2,1,36,2,1,0,1
23.5,30,75.875,246.125,310,9,5,15,68,1,1,0,1
29.625,25.125,35.375,110.375,229,4,7,8,74,1,0,0,1
10.625,29,75.75,241.625,266,5,1,6,11,1,1,0,1
15.375,30,75,185.5,404,5,1,5,5,1,1,0,1
10,17.875,83.5,218.125,286,9,5,3,20,3,0,1,0
17.125,13.625,74.875,239.5,350,3,3,14,20,1,0,0,0
10,31.375,55.875,224,208,6,5,15,58,0,1,0,0
15.75,14,74,237.375,319,3,1,15,26,1,0,1,0
7.75,31.875,64.375,153,236,6,1,14,23,0,1,0,0
24.625,26.125,77.75,141.25,278,9,13,10,33,0,0,1,0
29.875,15.875,73.5,220.625,250,6,6,14,47,0,0,0,0
20.5,9,80,161,123,6,3,14,47,0,1,0,0
20.75,12.75,93.25,216.625,305,5,5,3,27,0,0,1,0
10.875,29.75,71.875,222.125,269,6,1,14,14,1,1,0,0
18,21.875,72.625,190.5,291,7,6,4,18,0,1,0,0
13.125,23.75,77,235.375,285,6,5,4,2,0,1,0,0
15.375,30,75,185.5,316,9,1,3,5,0,1,0,0
7.125,24.5,43.5,282.125,202,5,5,7,44,1,0,0,0
13.375,19.25,84.375,72.5,176,4,6,13,46,1,1,0,0
8.5,24.375,37,244.625,83,0,5,16,44,1,0,0,0
15.375,-5.625,84.75,226.5,244,9,13,12,90,0,0,0,0
9.875,18,71.125,130.625,188,6,5,14,64,0,1,0,0
11.75,23.5,70,105.625,91,6,9,12,74,0,0,1,0
7,23,76,57.125,177,6,13,8,37,0,0,0,0
25.625,21.125,73.875,165.75,111,7,8,3,36,0,0,1,0
34.625,28.125,69.25,231.25,212,6,5,2,1,0,1,0,0
16.625,17.25,88.125,148.125,195,6,13,4,47,0,0,1,0
17.75,26.375,54.625,147.125,102,6,13,1,32,0,0,0,0
8.625,26.875,65.25,192.75,230,6,6,4,16,0,1,0,0
28.625,27.5,80,118.125,266,6,6,2,54,1,1,0,0
7.75,18.75,70,97.25,277,2,5,14,77,1,0,0,0
17,16.5,69.875,143.125,101,1,3,8,36,1,1,0,0
17.5,12.875,67,273.75,303,8,3,2,59,0,0,1,0
7.5,13.625,71.5,76.25,304,7,6,10,77,0,0,1,0
9.75,28,74.25,136.375,178,6,1,6,29,0,0,0,0
9.75,26.625,79.875,81.375,199,3,1,6,28,2,0,1,0
23.5,23.625,68.125,238.875,244,8,5,4,1,0,1,0,0
12.25,30.875,45.25,188.125,292,5,13,11,58,1,0,1,0
13.375,19.25,84.375,72.5,175,6,13,6,46,0,0,1,0
23.125,28.5,74,242.375,236,5,3,5,68,1,0,0,0
33.875,28.875,68.375,236.125,226,6,5,2,1,0,1,0,0
4.25,25.375,79.125,222.25,240,5,3,5,2,1,1,0,0
14.875,27.25,50.5,134.75,182,6,6,1,32,0,1,0,0
3.5,25.375,82.5,183.25,180,5,5,6,2,1,1,0,0
9.625,19.625,68.125,238.75,285,7,13,7,77,0,0,1,0
8.125,20.875,85.5,85.5,91,6,13,10,37,0,0,1,0
14,22,64.5,129.875,142,6,9,11,37,0,0,0,0
9.625,15.625,64.875,152.75,260,6,3,16,41,0,1,0,0
4.5,25,81.75,247.5,289,3,1,14,13,1,1,0,0
24,26.5,77.125,66.625,122,6,6,4,72,0,1,0,0
14.5,30.375,61.25,239.875,103,6,5,15,56,0,1,0,0
27.75,14.5,74.375,262.625,202,6,5,3,49,0,1,0,0
14.875,15.625,78.75,252.875,302,6,3,14,61,0,1,0,0
30,26.75,75.875,89.5,285,6,6,4,55,1,0,1,0
17.25,25.375,74.625,202.375,266,9,6,4,19,1,1,0,0
11.25,23.5,77.875,125.375,151,6,6,4,36,0,0,0,0
19.5,12.125,77.125,234.25,192,7,3,14,50,1,1,0,0
16.5,23.125,71.875,97.25,174,6,9,7,74,0,1,0,0
7.875,8.25,76.75,229.25,303,8,3,12,64,1,0,1,0
11.375,33.625,38.125,210.25,206,6,13,11,58,0,0,0,0
20.75,22.375,54,175.375,63,6,8,12,58,0,0,0,0
14.875,29.875,79.125,68.5,164,6,6,4,15,0,0,0,0
7.25,15.875,94.375,77.875,236,6,5,14,77,2,1,0,0
23.25,21.125,53.625,256.25,186,6,8,14,46,0,1,0,0
9.5,29.75,76,200,381,6,1,3,25,1,0,1,0
9.125,21.125,74.875,188.5,210,8,13,15,46,0,0,1,0
15.75,14,74,237.375,265,1,1,16,26,1,1,0,0
10.125,15.25,82.75,91.75,236,6,13,12,65,0,0,0,0
10.375,17.875,66.625,139.5,156,1,3,1,33,1,0,0,0
2.625,31.5,78.375,178.5,232,6,13,8,85,0,0,1,0
6.625,20.5,85.625,141,191,6,6,4,53,1,0,0,0
5.75,23.375,76.25,51.75,235,7,13,7,37,1,0,1,0
7.75,21.625,85.625,110.375,221,6,13,11,37,1,0,1,0
21.75,17.75,78.875,66.5,117,6,5,14,64,0,1,0,0
12.375,25.625,57.75,170.625,215,6,5,1,14,0,0,1,0
14.375,14.25,79.125,241.125,193,2,1,4,27,1,1,0,0
21.5,16.25,73.25,272,201,7,3,1,32,1,1,0,0
9.5,16.25,85.25,85,232,6,8,5,63,0,0,1,0
7.625,26.375,83.75,188,241,6,1,14,24,0,0,0,0
7.125,25,47.75,314.5,278,6,5,7,44,0,1,0,0
25,16.625,61.5,159.375,231,6,3,2,34,0,1,0,0
14.375,14.25,79.125,241.125,158,6,1,15,27,0,1,0,0
16.125,13.875,66.125,118.875,211,9,8,12,63,1,1,0,0
9.75,28,74.25,136.375,251,4,1,6,29,1,0,1,0
25.5,26.25,78.125,91.25,204,6,6,4,54,0,1,0,0
3.5,25.375,82.5,183.25,206,9,6,5,2,0,0,1,0
17.375,27,53.125,122.875,142,6,8,2,32,0,1,0,0
20.5,9,80,161,309,6,3,5,47,0,1,0,0
14.375,18.5,92.875,147.5,116,6,6,2,53,0,0,1,0
9.75,26.625,79.875,81.375,310,5,1,6,28,1,0,1,0
26.5,27.25,69.875,237.75,193,6,5,4,1,0,1,0,0
15.75,14,74,237.375,408,9,3,14,26,1,0,1,0
14.75,15.875,86.5,245.5,254,7,5,3,26,0,1,0,0
9.375,22.5,65.125,91.25,162,6,8,16,35,0,0,0,0
8.125,31.875,48.625,231.625,187,6,5,15,58,0,0,0,0
9.375,24.875,57.625,171.5,241,8,9,8,74,1,0,1,0
19.125,16,69.375,80.875,258,6,5,14,62,0,1,0,0
17,16.5,69.875,143.125,234,6,3,2,36,0,1,0,0
5.375,30.625,62.125,137.625,254,9,13,17,85,1,0,1,0
17.625,15.875,87.75,190.25,136,4,9,12,65,2,1,0,0
8,26.375,50.5,87.625,249,6,13,12,74,0,0,0,0
3.5,32.25,76.875,136.875,158,8,13,9,85,1,0,1,0
29.25,27.5,53.75,305.75,251,9,13,11,58,1,0,0,0
4.125,30.25,58,173.75,251,8,5,1,13,0,1,0,0
21.5,25.625,75.625,86.125,212,6,6,2,55,0,0,0,0
12.875,23.25,75.75,267.875,356,7,1,3,10,1,1,0,0
9,25.125,43,321.375,157,6,5,16,44,0,0,0,0
17.875,15.25,90.125,264.875,248,9,5,3,60,2,0,1,0
6.875,22.875,78.125,129.375,297,6,13,6,37,0,0,0,0
14.375,12.375,59.625,110.75,259,6,9,12,86,1,0,1,0
16.75,25.875,73.75,227.125,195,6,5,2,2,0,1,0,0
10.25,20.5,69,135.625,310,6,6,15,64,1,0,1,0
4.25,25.375,79.125,222.25,202,6,3,5,2,0,0,0,0
14.375,14.25,79.125,241.125,365,9,3,14,27,0,0,0,0
14.125,23.375,78.375,238.625,306,7,5,4,2,1,0,1,0
13.25,14.75,82.875,257.625,236,6,13,12,65,0,0,1,0
14.375,14.25,79.125,241.125,321,6,1,5,27,0,0,1,0
28.125,26.875,74,94.75,282,8,6,2,55,0,0,1,0
9.125,22.875,41.625,288.625,221,6,5,16,44,1,1,0,0
9.5,32.25,40.75,173.25,173,6,5,15,56,0,1,0,0
20,16,74,273.875,166,6,3,2,32,0,1,0,0
10.625,19.875,75.375,114.25,372,2,6,7,35,1,1,0,0
13.375,28.75,74.375,88.125,206,2,1,6,30,1,0,0,0
